{
  "n_total": 12284,
  "n_splits": 5,
  "pos_rate_total": 0.756675350048844,
  "auc_mean": 0.9190909143043109,
  "auc_std": 0.0086600357086701,
  "accuracy_mean": 0.8742263346497875,
  "accuracy_std": 0.008861829954901096,
  "f1_mean": 0.9187307881629259,
  "f1_std": 0.005857848545674863,
  "precision_mean": 0.8987717942760243,
  "precision_std": 0.006182217151628347,
  "recall_mean": 0.9396449704142011,
  "recall_std": 0.00931245059467682
}