{
  "timestamp": "2025-09-28T10:57:45.253408Z",
  "n_total": 37173,
  "n_train": 29738,
  "n_val": 7435,
  "pos_rate_total": 0.5848599790170285,
  "pos_rate_train": 0.5848745712556325,
  "pos_rate_val": 0.5848016139878951,
  "auc_val": 0.9574187343487797,
  "accuracy_val": 0.9129791526563551,
  "f1_val": 0.926785108068349,
  "precision_val": 0.9122298952996213,
  "recall_val": 0.9418123275068997,
  "threshold_train": 0.44000000000000006,
  "threshold_final": 0.44000000000000006
}